ticker,volatility_annualized,max_drawdown,total_return,name,sector,index_group,as_of_date,positive,rank_in_index
IFX.DE,0.5649575156390649,-0.21200211110975153,1.181246635946187,Infineon Technologies,Semiconductors,DAX,2026-06-30,True,1
HOT.DE,0.4864045542905696,-0.15919853168758535,0.526885274166804,Hochtief,Construction,DAX,2026-06-30,True,2
ENR.DE,0.5307831162810004,-0.260846411443718,0.3829488220038384,Siemens Energy,Energy Technology,DAX,2026-06-30,True,3
BAYN.DE,0.466721865323442,-0.3065455353648504,0.3117728554906045,Bayer,Pharmaceuticals,DAX,2026-06-30,True,4
SY1.DE,0.292254629358088,-0.11019980420259678,0.296320242282492,Symrise,Chemicals,DAX,2026-06-30,True,5
RWE.DE,0.2785459196590708,-0.11056264463590038,0.27569305345758566,RWE,Utilities,DAX,2026-06-30,True,6
MRK.DE,0.31534145655688284,-0.21676185999175335,0.2218192851808447,Merck,Pharmaceuticals,DAX,2026-06-30,True,7
SIE.DE,0.36773852553206027,-0.20503662867365802,0.2006153257100931,Siemens,Industrials,DAX,2026-06-30,True,8
DHL.DE,0.3049251863072623,-0.14333072083959342,0.18498491723955035,Deutsche Post,Logistics,DAX,2026-06-30,True,9
DTG.DE,0.32404416082590776,-0.10542915694221855,0.18195107540409494,Daimler Truck,Automotive,DAX,2026-06-30,True,10
EOAN.DE,0.2381047166511841,-0.10597099810600463,0.15170308180770364,E.ON,Utilities,DAX,2026-06-30,True,11
ALV.DE,0.1991596835481553,-0.12350398048430755,0.10923368115820731,Allianz,Financial Services,DAX,2026-06-30,True,12
BNR.DE,0.3418406866984473,-0.24541129053329325,0.10886110182032693,Brenntag,Distribution,DAX,2026-06-30,True,13
CON.DE,0.35473897161831086,-0.23173674511130304,0.1084319953966495,Continental,Automotive,DAX,2026-06-30,True,14
BAS.DE,0.27993233790587524,-0.13370372630931715,0.09802473495575459,BASF,Chemicals,DAX,2026-06-30,True,15
HEN3.DE,0.2320246805760981,-0.2432210362584949,0.09221717354847403,Henkel,Consumer Goods,DAX,2026-06-30,True,16
DB1.DE,0.24011492432959458,-0.09295561454390688,0.08610488499534963,Deutsche Boerse,Financial Services,DAX,2026-06-30,True,17
ADS.DE,0.33709085573801034,-0.22984108266687753,0.0811401465979491,Adidas,Apparel,DAX,2026-06-30,True,18
CBK.DE,0.39203568145799134,-0.1890929608721882,0.06277023561529216,Commerzbank,Financial Services,DAX,2026-06-30,True,19
G1A.DE,0.24575347606435516,-0.16683309724102857,0.0622538538699291,GEA Group,Mechanical Engineering,DAX,2026-06-30,True,20
MTX.DE,0.4205627628205848,-0.31285303473482085,0.035954903118642134,MTU Aero Engines,Aerospace & Defence,DAX,2026-06-30,True,21
FME.DE,0.31498011020922484,-0.16114998825857962,0.010371073740362835,Fresenius Medical Care,Healthcare,DAX,2026-06-30,True,22
ZAL.DE,0.4398772433397702,-0.2765352656698854,0.0011839260641219873,Zalando,E-Commerce,DAX,2026-06-30,True,23
AIR.PA,0.33785818712226134,-0.2771117091213977,-0.004048060208137416,Airbus,Aerospace & Defence,DAX,2026-06-30,False,24
HNR1.DE,0.2175746642601491,-0.15271374791308,-0.0434911303349057,Hannover Re,Financial Services,DAX,2026-06-30,False,25
VNA.DE,0.3399372811991727,-0.27255522899830287,-0.06794310583362884,Vonovia,Real Estate,DAX,2026-06-30,False,26
DBK.DE,0.34963757460653405,-0.2676722440208219,-0.07260028503809213,Deutsche Bank,Financial Services,DAX,2026-06-30,False,27
MUV2.DE,0.22580788693644765,-0.190205969793679,-0.08960031558522896,Munich Re,Financial Services,DAX,2026-06-30,False,28
DTE.DE,0.30017777701306475,-0.27769587398998596,-0.10978498537733727,Deutsche Telekom,Telecommunication,DAX,2026-06-30,False,29
QIA.DE,0.3584134194721489,-0.39446481994639193,-0.12114081586770209,Qiagen,Biotech,DAX,2026-06-30,False,30
G24.DE,0.34954510049668963,-0.27089336503835404,-0.14013889712505512,Scout24,E-Commerce,DAX,2026-06-30,False,31
FRE.DE,0.26814591510253555,-0.30091035069636984,-0.16124251971075654,Fresenius,Healthcare,DAX,2026-06-30,False,32
BEI.DE,0.381964764265695,-0.3781161270127966,-0.18477115596734273,Beiersdorf,Consumer Goods,DAX,2026-06-30,False,33
MBG.DE,0.2739429332563269,-0.2555356413480826,-0.21751870813996832,Mercedes-Benz Group,Automotive,DAX,2026-06-30,False,34
SHL.DE,0.23507281672590985,-0.2730523893862914,-0.22034469168337478,Siemens Healthineers,Medical Equipment,DAX,2026-06-30,False,35
HEI.DE,0.4309839764061956,-0.32635984680453356,-0.23660510047182326,Heidelberg Materials,Construction Materials,DAX,2026-06-30,False,36
VOW3.DE,0.30588080603020995,-0.29753980786170964,-0.27786685533416267,Volkswagen Group,Automotive,DAX,2026-06-30,False,37
SAP.DE,0.4670866760602085,-0.3700441934590133,-0.34593582803264056,SAP,Technology,DAX,2026-06-30,False,38
BMW.DE,0.2939095512181482,-0.3712415210776415,-0.3497743715620323,BMW,Automotive,DAX,2026-06-30,False,39
RHM.DE,0.5391532616895273,-0.5020511170053665,-0.35912829437756666,Rheinmetall,Defence,DAX,2026-06-30,False,40
AIXA.DE,0.7241064922770118,-0.14035087387001743,2.04961161937295,Aixtron,Semiconductor Equipment,MDAX,2026-06-30,True,1
JEN.DE,0.5175678159117177,-0.1174805562779766,1.4207576209605235,Jenoptik,Technology,MDAX,2026-06-30,True,2
SMHN.DE,0.6549205244536636,-0.197372724275665,1.3783346655452564,Suess MicroTec,Semiconductor Equipment,MDAX,2026-06-30,True,3
ELG.DE,0.5404636547170253,-0.21887480528899972,0.8750797857345132,Elmos Semiconductor,Semiconductors,MDAX,2026-06-30,True,4
WAF.DE,0.6639792316038343,-0.23065897421585202,0.6666666146598879,Siltronic,Semiconductors,MDAX,2026-06-30,True,5
NDX1.DE,0.48459407757262873,-0.23599998474121098,0.5865384420145403,Nordex,Renewable Energy,MDAX,2026-06-30,True,6
DHER.DE,0.654052869053052,-0.4296116793549031,0.5845070901406109,Delivery Hero,E-Commerce,MDAX,2026-06-30,True,7
NDA.DE,0.43858248780329073,-0.18339414921494857,0.473463080702071,Aurubis,Metals,MDAX,2026-06-30,True,8
WCH.DE,0.5120446312121231,-0.22228845276154519,0.310742660791832,Wacker Chemie,Chemicals,MDAX,2026-06-30,True,9
EVK.DE,0.3095541299424035,-0.1588784479862051,0.2638998042446794,Evonik Industries,Chemicals,MDAX,2026-06-30,True,10
LHA.DE,0.4473578254832373,-0.2513684202831351,0.23879767683670172,Lufthansa,Airlines,MDAX,2026-06-30,True,11
DWS.DE,0.323391764444677,-0.1623119860539045,0.22246495076826878,DWS Group,Financial Services,MDAX,2026-06-30,True,12
PUM.DE,0.5728008981753607,-0.24086994817756635,0.19192828847870702,Puma,Apparel,MDAX,2026-06-30,True,13
TKA.DE,0.6024421335528548,-0.4144195172659729,0.13706095269837038,Thyssenkrupp,Industrials,MDAX,2026-06-30,True,14
SZG.DE,0.6735449865768094,-0.3905272987704944,0.1309781387104898,Salzgitter,Steel,MDAX,2026-06-30,True,15
TKMS.DE,0.6490307129824767,-0.2977250141287182,0.12859304381569459,TKMS,Defence,MDAX,2026-06-30,True,16
TEG.DE,0.36527530911951467,-0.23039806967842913,0.09666435677976004,TAG Immobilien,Real Estate,MDAX,2026-06-30,True,17
KBX.DE,0.30864236220592495,-0.1707106537566988,0.08867078637080383,Knorr-Bremse,Industrials,MDAX,2026-06-30,True,18
8TRA.DE,0.3590688456822089,-0.21706265434126748,0.08786886246478032,Traton,Automotive,MDAX,2026-06-30,True,19
SDF.DE,0.4361383568165422,-0.2941692546160216,0.06845426709426228,K+S,Mining,MDAX,2026-06-30,True,20
RRTL.DE,0.24894649225057267,-0.12381422918091389,0.057701215261452,RTL Group,Media,MDAX,2026-06-30,True,21
FRA.DE,0.3621695317328302,-0.23547107798550515,0.05669534365911599,Fraport,Airport Operator,MDAX,2026-06-30,True,22
SHA0.DE,0.6409597865281721,-0.4369218090269408,0.0516007837638639,Schaeffler,Automotive,MDAX,2026-06-30,True,23
DEZ.DE,0.5204884448528789,-0.33199998292732047,0.046477287744714824,Deutz,Manufacturing,MDAX,2026-06-30,True,24
BOSS.DE,0.18814763076733398,-0.06253395318572685,0.040437372985824505,Hugo Boss,Apparel,MDAX,2026-06-30,True,25
FPE3.DE,0.27534834774528805,-0.18440778002871805,0.03456248592547784,Fuchs,Chemicals,MDAX,2026-06-30,True,26
FTK.DE,0.47067355620488277,-0.3047619008328183,0.030266812526108078,flatexDEGIRO,Financial Services,MDAX,2026-06-30,True,27
IOS.DE,0.5008113405571359,-0.28040544045415516,0.01831774845301548,IONOS Group,IT Services,MDAX,2026-06-30,True,28
TLX.DE,0.22743756583846508,-0.14768708127897967,0.004671165241614261,Talanx,Financial Services,MDAX,2026-06-30,True,29
RAA.DE,0.34996683536119605,-0.20531091682564295,-0.00048680534634437667,Rational,Manufacturing,MDAX,2026-06-30,False,30
P911.DE,0.3072569993875897,-0.2371848388917821,-0.025052538795282797,Porsche AG,Automotive,MDAX,2026-06-30,False,31
LEG.DE,0.31929605839749436,-0.2486745730761154,-0.06602949997684959,LEG Immobilien,Real Estate,MDAX,2026-06-30,False,32
SRT3.DE,0.4347975235977259,-0.22500553471588491,-0.06799696349329165,Sartorius,Biotech,MDAX,2026-06-30,False,33
HAG.DE,0.5580472164083886,-0.3027475057381809,-0.07110141782598045,Hensoldt,Defence,MDAX,2026-06-30,False,34
AT1.DE,0.4673452266147054,-0.2873938776416227,-0.0926113385313545,Aroundtown,Real Estate,MDAX,2026-06-30,False,35
HLE.DE,0.16851651598648013,-0.19316839257531326,-0.13294016169110456,Hella,Automotive,MDAX,2026-06-30,False,36
LXS.DE,0.6393254015296821,-0.4601483187750469,-0.1346436877769085,Lanxess,Chemicals,MDAX,2026-06-30,False,37
AG1.DE,0.7021652563143266,-0.5225195689989607,-0.1516483335291915,Auto1 Group,E-Commerce,MDAX,2026-06-30,False,38
KRN.DE,0.2816710751347342,-0.21767589852182423,-0.15283030323908064,Krones,Manufacturing,MDAX,2026-06-30,False,39
UTDI.DE,0.36888996134110635,-0.2159077313297122,-0.15302176055314032,United Internet,Telecommunication,MDAX,2026-06-30,False,40
AMV0.DE,0.4428180535861947,-0.28454932952191037,-0.1616208395123765,Aumovio,Automotive Technology,MDAX,2026-06-30,False,41
FNTN.DE,0.31595194477004296,-0.2750125075037354,-0.16777170788376083,Freenet,Telecommunication,MDAX,2026-06-30,False,42
TUI1.DE,0.43079836945799455,-0.3334650140402684,-0.18495484592151,TUI,Tourism,MDAX,2026-06-30,False,43
R3NK.DE,0.5439792073566682,-0.3752592407663433,-0.20430417153064562,Renk Group,Defence,MDAX,2026-06-30,False,44
GBF.DE,0.3962115900038217,-0.3727263835591059,-0.22751838869949026,Bilfinger,Industrial Services,MDAX,2026-06-30,False,45
BC8.DE,0.4177934512356948,-0.4270462644260674,-0.2746001745342558,Bechtle,IT Services,MDAX,2026-06-30,False,46
PAH3.DE,0.22622575906749873,-0.2982792784930116,-0.2884355352418325,Porsche SE,Automotive,MDAX,2026-06-30,False,47
EVD.DE,0.48764568172041506,-0.3892634386787388,-0.33293215238422635,CTS Eventim,Leisure & Events,MDAX,2026-06-30,False,48
NEM.DE,0.4928091107396182,-0.43310724533295686,-0.4216713765794421,Nemetschek,Software,MDAX,2026-06-30,False,49
KGX.DE,0.4696637194313433,-0.47903976571827545,-0.4237943323528941,KION Group,Industrials,MDAX,2026-06-30,False,50
